word,wordCount
变瘦变美变好看,14
瘦腿,4
在家拆个小零食,1
零食,78
搞笑,960
兄妹,31
变白变美变好看,2
校花,13
学生党平价安利,1
直腿 ,1
练腿 ,1
矫正腿型 ,1
时代少年团,93
贺峻霖,19
张真源,23
"搞笑辣条哥 #王者荣耀 \"",1
火影忍者手游,35
火影忍者,49
二次元,237
"和平精英谁是内鬼\"",2
穿搭,126
次元星企划,130
迷你世界,51
迷你世界花小楼,3
花小楼,3
情侣日常,152
万宁与晚安,14
陈情令,2
使命召唤手游,48
CODM,16
异变围城,2
老铁vlog,1
Vlog日常,92
老铁的快乐生活,1
CF周年庆,1
三亿少男的梦,1
次元星企划,130
和平精英 ,62
"和平精英渐远  \"",1
邓紫棋,5
随机剪裁挑战,1
海外一家人,7
在快手看海外,31
红糖,12
美食,662
贵人鸟,2
支持国货,2
"安妮\"",1
和平精英,268
BLACKPINK,11
说唱,12
发现好玩的魔法表情,2
踢腿高能慢动作 ,1
消防救援,9
正能量,387
致敬消防员,5
快手宠物天团,135
美短加白,1
虎斑猫,2
情侣日常,152
万宁与晚安,14
王者荣耀,280
王者趁热上场,3
二哈和他的白猫师尊,9
墨燃,1
我的世界 ,50
暗恋,13
短剧MCN影响力大赛,233
搞笑,960
情侣日常,152
塑料情侣,3
fly ,1
baka变装挑战,1
次元星企划,130
淘气梦 ,1
和平精英 ,62
游戏 ,67
如此可爱的我们,2
宝宝成长记,2
和女儿的幸福时光,1
快影,93
我的快手影集,4
今日份的自拍,12
次元星企划,130
漫画腿,2
二次元👗：,1
我的世界,108
宝可梦皮卡丘和可可的冒险#,1
宝可梦大集结,1
种子化肥农药,1
绿官,1
杀菌剂,2
要不要挑战,3
樱九Yoki,6
大学老师,2
别人家的男朋友,3
情侣日常,152
王者荣耀,280
荣耀萤火计划,67
美妝,1
